{"train_losses": [1.4017419815063477, 0.9651016592979431], "val_losses": [1.4621394872665405, 1.3144352436065674], "train_accuracies": [50.0, 93.75], "val_accuracies": [0.0, 50.0]}